[{"due-date":null,"description":"Download the syllabus. ","priority":{"important":false,"urgent":false},"status":"UP_NEXT","tags":[{"name":"cpsc210"}]},{"due-date":{"hour":23,"month":1,"year":2019,"day":17,"minute":59},"description":"something else","priority":{"important":true,"urgent":true},"status":"IN_PROGRESS","tags":[{"name":"cpsc210"},{"name":"assigns"},{"name":"any tag"}]},{"due-date":{"hour":17,"month":1,"year":2019,"day":22,"minute":10},"description":"Make note of quizzes and midterm dates. ","priority":{"important":true,"urgent":false},"status":"TODO","tags":[{"name":"exams"},{"name":"cpsc210"}]},{"due-date":{"hour":17,"month":1,"year":2019,"day":20,"minute":10},"description":"Update my calendar with those dates. ","priority":{"important":false,"urgent":false},"status":"TODO","tags":[{"name":"planning"},{"name":"cpsc210"}]},{"due-date":null,"description":"test","priority":{"important":false,"urgent":false},"status":"TODO","tags":[]}]